split,rmse,mae,spearman
val,2.1146504878997803,1.6370879411697388,0.5206902511188867
test,2.5876078605651855,1.9922457933425903,0.4069136526830091
