split,rmse,mae,spearman,loss
val,2.134871006011963,1.6786307096481323,0.5225837211474288,4.557696254748218
test,2.5640547275543213,2.006377935409546,0.3327831122296806,6.574139183806941
