split,rmse,mae,spearman
test,2.3919856548309326,1.9038227796554565,0.4498099237606037
