{
  "lr":0.0120293225,
  "num_leaves":225.0,
  "min_data_in_leaf":230.0,
  "feature_fraction":0.6301768205,
  "bagging_fraction":0.6973485866,
  "bagging_freq":3.0,
  "lambda_l1":1.3848221053,
  "lambda_l2":0.4870691276
}