rmse,mae,spearman
2.131895113565207,1.7083946463474313,0.415722380849601
2.2613525866037745,1.781669638674826,0.5319307163034216
2.1874231595581177,1.7082015025248172,0.4380187843485048
2.162660527938709,1.6295313749384754,0.48627521785986105
2.5021790947146547,1.9230526108430068,0.4395773893918721
