split,rmse,mae,spearman
val,2.3398938179016113,1.8286497592926025,0.48210679977435617
test,2.693498373031616,2.1214826107025146,0.35592226078968764
