split,rmse,mae,spearman,loss
val,1.9915142059326172,1.558718204498291,0.5549440913658401,3.965738950754112
test,2.5586299896240234,1.9666991233825684,0.3621794854747657,6.547067230447097
