split,rmse,mae,spearman,loss
val,2.22002911567688,1.695001482963562,0.5019754349480111,4.928010898940968
test,2.7089767456054688,2.1335084438323975,0.34542065897428326,7.338652773680191
